States/UTs,Women (age 15-49 years) who are overweight or obese (BMI ≥25.0 kg/m2)21 (%),Men (age 15-49 years) who are overweight or obese (BMI ≥25.0 kg/m2) (%),Children age 6-59 months who are anaemic (<11.0 g/dl)22 (%),All women age 15-49 years who are anaemic22 (%),Women age 15 years and above wih high or very high (>140 mg/dl) Blood sugar level or taking medicine to control blood sugar level23 (%),Men age 15 years and above wih high or very high (>140 mg/dl) Blood sugar level  or taking medicine to control blood sugar level23 (%),Women age 15 years and above wih Elevated blood pressure (Systolic ≥140 mm of Hg and/or Diastolic ≥90 mm of Hg) or taking medicine to control blood pressure (%),Men age 15 years and above wih Elevated blood pressure (Systolic ≥140 mm of Hg and/or Diastolic ≥90 mm of Hg) or taking medicine to control blood pressure (%),Gender_Obesity_Gap
Andaman & Nicobar Islands,38.5,44.3,40.36666666666667,57.43333333333334,17.766666666666666,18.133333333333333,25.03333333333333,29.866666666666664,-5.799999999999997
Andhra Pradesh,37.766666666666666,32.26666666666667,62.3,58.633333333333326,20.2,22.4,25.7,29.600000000000005,5.499999999999993
Arunachal Pradesh,25.23333333333333,28.866666666666664,55.5,39.266666666666666,8.733333333333333,11.933333333333332,25.0,33.13333333333333,-3.633333333333333
Assam,17.533333333333335,18.7,67.8,65.7,13.833333333333334,17.2,20.03333333333333,21.23333333333333,-1.1666666666666643
Bihar,18.433333333333334,15.666666666666666,69.0,64.06666666666666,13.666666666666666,17.3,16.1,18.666666666666668,2.7666666666666675
Chandigarh,43.95,34.4,54.8,60.3,19.0,16.6,25.0,30.6,9.550000000000004
Chhattisgarh,16.166666666666668,16.666666666666668,68.16666666666667,59.833333333333336,9.733333333333333,11.300000000000002,23.566666666666663,27.73333333333333,-0.5
Dadra and Nagar Haveli & Daman and Diu,27.03333333333333,21.666666666666668,75.86666666666666,62.46666666666667,13.633333333333333,16.433333333333334,15.0,15.433333333333332,5.366666666666664
Goa,35.76666666666667,32.63333333333333,53.2,38.8,20.83333333333333,24.33333333333333,27.5,26.96666666666667,3.13333333333334
Gujarat,23.33333333333333,20.366666666666667,79.5,64.63333333333333,16.0,16.966666666666665,20.6,20.3,2.9666666666666615
Haryana,33.833333333333336,28.633333333333336,70.0,59.9,12.2,13.733333333333334,21.33333333333333,25.3,5.199999999999999
Himachal Pradesh,32.63333333333333,32.03333333333334,56.2,52.43333333333334,14.333333333333334,15.733333333333334,22.166666666666668,25.7,0.5999999999999943
India,25.633333333333336,24.0,66.53333333333333,56.43333333333334,14.033333333333331,16.0,21.7,24.433333333333334,1.6333333333333364
Jammu & Kashmir,30.2,33.53333333333333,72.10000000000001,64.93333333333334,8.833333333333334,8.033333333333333,20.266666666666666,19.166666666666668,-3.333333333333332
Jharkhand,14.033333333333331,16.533333333333335,66.96666666666667,64.36666666666666,10.733333333333334,14.433333333333332,18.3,23.166666666666668,-2.5000000000000036
Karnataka,30.933333333333337,31.766666666666666,65.13333333333333,47.333333333333336,14.266666666666666,15.9,25.266666666666666,27.2,-0.8333333333333286
Kerala,38.16666666666666,36.56666666666667,39.36666666666667,36.36666666666667,24.8,27.03333333333333,30.866666666666664,32.766666666666666,1.5999999999999872
Ladakh,28.33333333333333,39.2,90.56666666666666,91.93333333333334,6.633333333333333,7.533333333333334,15.166666666666666,16.666666666666668,-10.866666666666674
Lakshadweep,32.9,41.65,41.56666666666667,25.3,19.23333333333333,18.866666666666664,23.23333333333333,23.766666666666666,-8.75
Madhya Pradesh,18.53333333333333,17.8,72.63333333333334,54.0,10.133333333333333,12.4,21.0,23.366666666666664,0.7333333333333307
Maharastra,23.766666666666666,24.96666666666667,68.63333333333334,54.1,12.566666666666668,13.766666666666666,23.166666666666668,24.53333333333333,-1.2000000000000028
Manipur,34.7,30.53333333333333,43.0,29.566666666666663,13.9,16.8,23.366666666666664,33.7,4.166666666666671
Meghalaya,13.033333333333331,18.23333333333333,43.3,53.29999999999999,9.7,14.433333333333332,20.133333333333336,23.266666666666666,-5.199999999999999
Mizoram,23.6,31.466666666666665,46.26666666666667,35.166666666666664,13.7,15.366666666666667,17.400000000000002,25.0,-7.866666666666664
NCT of Delhi,42.36666666666667,37.95,73.2,52.73333333333333,11.766666666666666,14.3,22.83333333333333,32.2,4.416666666666664
Nagaland,14.833333333333334,24.9,43.5,28.666666666666668,9.266666666666667,12.566666666666668,21.96666666666667,28.266666666666666,-10.066666666666665
Odisha,27.433333333333334,24.7,62.0,63.56666666666666,14.9,17.900000000000002,22.933333333333334,26.6,2.7333333333333343
Puducherry,45.66666666666666,43.13333333333333,63.36666666666667,56.26666666666667,19.7,21.066666666666663,22.5,29.73333333333333,2.5333333333333243
Punjab,41.3,32.53333333333334,71.06666666666666,58.73333333333333,14.833333333333334,14.333333333333334,31.133333333333336,37.53333333333333,8.766666666666659
Rajasthan,14.666666666666666,15.9,70.73333333333333,53.333333333333336,7.366666666666667,9.066666666666666,15.733333333333334,18.166666666666668,-1.2333333333333343
Sikkim,35.5,36.766666666666666,56.1,42.13333333333333,12.566666666666668,15.8,34.2,41.1,-1.2666666666666657
Tamil Nadu,40.63333333333333,37.23333333333333,57.16666666666666,53.333333333333336,20.83333333333333,22.133333333333336,24.866666666666664,30.23333333333333,3.4000000000000057
Telangana,31.86666666666667,33.53333333333333,69.16666666666667,57.23333333333333,15.366666666666664,18.7,26.633333333333336,32.36666666666667,-1.6666666666666607
Tripura,23.03333333333333,24.366666666666664,62.7,66.96666666666665,18.366666666666667,19.666666666666668,21.96666666666667,23.53333333333333,-1.3333333333333321
Uttar Pradesh,23.4,19.866666666666664,66.13333333333334,50.333333333333336,10.3,11.966666666666669,18.966666666666665,22.4,3.533333333333335
Uttarakhand,31.4,27.83333333333333,59.73333333333333,43.16666666666666,11.466666666666669,14.633333333333336,23.433333333333334,32.36666666666667,3.56666666666667
West Bengal,24.1,17.25,67.15,69.75,17.95,21.75,20.7,20.65,6.850000000000001
